Eastern Africa,Burundi
Eastern Africa,Comoros
Eastern Africa,Djibouti
Eastern Africa,Eritrea
Eastern Africa,Ethiopia
Eastern Africa,Kenya
Eastern Africa,Madagascar
Eastern Africa,Malawi
Eastern Africa,Mauritius
Eastern Africa,Mayotte
Eastern Africa,Mozambique
Eastern Africa,Rwanda
Eastern Africa,Seychelles
Eastern Africa,Somalia
Eastern Africa,Tanzania
Eastern Africa,Uganda
Eastern Africa,Zambia
Eastern Africa,Zimbabwe
Middle Africa,Angola
Middle Africa,Cameroon
Middle Africa,Central African Republic
Middle Africa,Chad
Middle Africa,Congo (Brazzaville)
Middle Africa,Congo (Democratic Republic)
Middle Africa,Equatorial Guinea
Middle Africa,Gabon
Middle Africa,Sao Tome and Principe
Northern Africa,Algeria
Northern Africa,Egypt
Northern Africa,Libya
Northern Africa,Morocco
Northern Africa,South Sudan
Northern Africa,Sudan
Northern Africa,Tunisia
Northern Africa,Western Sahara
Southern Africa,Botswana
Southern Africa,Lesotho
Southern Africa,Namibia
Southern Africa,South Africa
Southern Africa,Swaziland
Western Africa,Benin
Western Africa,Burkina Faso
Western Africa,Cape Verde
Western Africa, Cote d'Ivoire
Western Africa,Gambia
Western Africa,Ghana
Western Africa,Guinea
Western Africa,Guinea-Bissau
Western Africa,Liberia
Western Africa,Mali
Western Africa,Mauritania
Western Africa,Niger
Western Africa,Nigeria
Western Africa,Saint Helena
Western Africa,Senegal
Western Africa,Sierra Leone
Western Africa,Togo
Caribbean,Anguilla
Caribbean,Antigua and Barbuda
Caribbean,Aruba
Caribbean,Bahamas
Caribbean,Barbados
Caribbean,British Virgin Islands
Caribbean,Cayman Islands
Caribbean,Cuba
Caribbean,Dominica
Caribbean,Dominican Republic
Caribbean,Grenada
Caribbean,Guadeloupe
Caribbean,Haiti
Caribbean,Jamaica
Caribbean,Martinique
Caribbean,Montserrat
Caribbean,Puerto Rico
Caribbean,Saint Kitts and Nevis
Caribbean,Saint Lucia
Caribbean,Saint Vincent and the Grenadines
Caribbean,Sint Maarten (Dutch part)
Caribbean,Trinidad and Tobago
Caribbean,Turks and Caicos Islands
Caribbean,United States Virgin Islands
Central America,Belize
Central America,Costa Rica
Central America,El Salvador
Central America,Guatemala
Central America,Honduras
Central America,Mexico
Central America,Nicaragua
Central America,Panama
South America,Argentina
South America,Bolivia
South America,Brazil
South America,Chile
South America,Colombia
South America,Ecuador
South America,Falkland Islands (Malvinas)
South America,French Guiana
South America,Guyana
South America,Paraguay
South America,Peru
South America,Suriname
South America,Uruguay
South America,Venezuela (Bolivarian Republic of)
Northern America,Bermuda
Northern America,Canada
Northern America,Greenland
Northern America,Saint Pierre and Miquelon
Northern America,United States of America
Central Asia,Kazakhstan
Central Asia,Kyrgyzstan
Central Asia,Tajikistan
Central Asia,Turkmenistan
Central Asia,Uzbekistan
Eastern Asia,China
Eastern Asia,Hong Kong
Eastern Asia,Macao
Eastern Asia,Japan
Eastern Asia,Mongolia
Eastern Asia,North Korea
Eastern Asia,South Korea
Eastern Asia,Taiwan
Southern Asia,Afghanistan
Southern Asia,Bangladesh
Southern Asia,Bhutan
Southern Asia,India
Southern Asia,Iran (Islamic Republic of)
Southern Asia,Maldives
Southern Asia,Nepal
Southern Asia,Pakistan
Southern Asia,Sri Lanka
South-Eastern Asia,Brunei Darussalam
South-Eastern Asia,Cambodia
South-Eastern Asia,Indonesia
South-Eastern Asia,Laos
South-Eastern Asia,Malaysia
South-Eastern Asia,Myanmar
South-Eastern Asia,Philippines
South-Eastern Asia,Singapore
South-Eastern Asia,Thailand
South-Eastern Asia,Timor-Leste
South-Eastern Asia,Vietnam
Western Asia,Armenia
Western Asia,Azerbaijan
Western Asia,Bahrain
Western Asia,Cyprus
Western Asia,Georgia (Republic)
Western Asia,Iraq
Western Asia,Israel
Western Asia,Jordan
Western Asia,Kuwait
Western Asia,Lebanon
Western Asia,Gaza Strip
Western Asia,Oman
Western Asia,Qatar
Western Asia,Saudi Arabia
Western Asia,Syrian Arab Republic
Western Asia,Turkey
Western Asia,United Arab Emirates
Western Asia,Yemen
Western Asia,West Bank of the Jordan River
Eastern Europe,Belarus
Eastern Europe,Bulgaria
Eastern Europe,Czech Republic
Eastern Europe,Hungary
Eastern Europe,Moldova
Eastern Europe,Poland
Eastern Europe,Romania
Eastern Europe,Russia
Eastern Europe,Slovakia
Eastern Europe,Ukraine
Northern Europe,Denmark
Northern Europe,England
Northern Europe,Estonia
Northern Europe,Faeroe Islands
Northern Europe,Finland
Northern Europe,Iceland
Northern Europe,Ireland
Northern Europe,Latvia
Northern Europe,Lithuania
Northern Europe,Northern Ireland
Northern Europe,Norway
Northern Europe,Scotland
Northern Europe,Sweden
Northern Europe,United Kingdom
Northern Europe,Wales
Southern Europe,Albania
Southern Europe,Andorra
Southern Europe,Bosnia and Herzegovina
Southern Europe,Croatia
Southern Europe,Gibraltar
Southern Europe,Greece
Southern Europe,Italy
Southern Europe,Macedonia
Southern Europe,Malta
Southern Europe,Montenegro
Southern Europe,Portugal
Southern Europe,San Marino
Southern Europe,Serbia
Southern Europe,Slovenia
Southern Europe,Spain
Western Europe,Austria
Western Europe,Belgium
Western Europe,France
Western Europe,Germany
Western Europe,Liechtenstein
Western Europe,Luxembourg
Western Europe,Monaco
Western Europe,Netherlands
Western Europe,Switzerland
Australia and New Zealand,Australia
Australia and New Zealand,New Zealand
Australia and New Zealand,Norfolk Island
Melanesia,Fiji
Melanesia,New Caledonia
Melanesia,Papua New Guinea
Melanesia,Solomon Islands
Melanesia,Vanuatu
Micronesia,Guam
Micronesia,Kiribati
Micronesia,Marshall Islands
Micronesia,Micronesia (Federated States of)
Micronesia,Nauru
Micronesia,Northern Mariana Islands
Micronesia,Palau
Polynesia,American Samoa
Polynesia,Cook Islands
Polynesia,French Polynesia
Polynesia,Niue
Polynesia,Pitcairn
Polynesia,Samoa
Polynesia,Tokelau
Polynesia,Tonga
Polynesia,Tuvalu
Polynesia,Wallis and Futuna Islands