Accounting,Auditing
Accounting,Budgeting
Accounting,Cost Accounting
Business & Society,Business Ethics
Business & Society,Corporate Social Responsibility
Business & Society,Demographics
Business & Society,Sustainable Development
Business & Society,Work & Family
Change,Innovation
Change,Organizational Change
Change,Technological Change
Change,Transitions & Renewals
Change,Reslilience
Economics,Behavioral Economics
Economics,Development Economics
Economics,Econometrics
Economics,Economic History
Economics,Economic Systems
Economics,Environmental Economics
Economics,Labor Economics
Economics,Macroeconomics
Economics,Managerial Economics
Economics,Microeconomics
Entrepreneurship,Social Entrepreneurship
Finance,Behavioral Finance
Finance,Corporate Finance
Finance,Financial Markets
Finance,Personal Finance
Finance,Public Finance
Finance,Venture Capital & Private Equity
Global Business,Emerging Markets
Global Business,Frontier Markets
Global Business,Globalization
Global Business,International Trade
Global Business,National Culture
Global Business,National Economies
Management & Organizations,Corporate Governance
Management & Organizations,Human Resources Management
Management & Organizations,Leadership
Management & Organizations,Organizational Behavior
Management & Organizations,Public Management
Management & Organizations,Strategic Management
Marketing,Branding
Marketing,Consumer Behavior
Marketing,Customer Relationship Management
Marketing,Market Research
Marketing,Product Management
Marketing,R&D
Marketing,Sales Management
Operations,Information & Technology
Operations,Management Science
Operations,Manufacturing
Operations,Operational Research
Operations,Supply Chain Management
Political Economics,Government & Politics
Political Economics,Law & Public Policy
